{

"background": [
  {"start": 16.677, "duration": 2.760, "value": 90, "easing": "sine_in"},
  {"start": 19.522, "duration": 0.444, "value": 0, "easing": "sine_out"},
  {"start": 20.400, "duration": 0.550, "value": 45, "easing": "sine_in"},
  {"start": 20.951, "duration": 0.300, "value": 0, "easing": "sine_out"},
  {"start": 21.400, "duration": 0.550, "value": 40, "easing": "sine_in"},
  {"start": 21.951, "duration": 0.300, "value": 0, "easing": "sine_out"},
  {"start": 22.400, "duration": 0.550, "value": 35, "easing": "sine_in"},
  {"start": 22.951, "duration": 0.300, "value": 0, "easing": "sine_out"},
  {"start": 23.400, "duration": 0.550, "value": 30, "easing": "sine_in"},
  {"start": 23.951, "duration": 0.300, "value": 0, "easing": "sine_out"},
  {"start": 24.400, "duration": 0.550, "value": 25, "easing": "sine_in"},
  {"start": 24.951, "duration": 0.300, "value": 0, "easing": "sine_out"},
  {"start": 25.400, "duration": 0.550, "value": 20, "easing": "sine_in"},
  {"start": 25.951, "duration": 0.300, "value": 0, "easing": "sine_out"},
  {"start": 26.400, "duration": 0.550, "value": 15, "easing": "sine_in"},
  {"start": 26.951, "duration": 0.300, "value": 0, "easing": "sine_out"},
  {"start": 27.400, "duration": 0.550, "value": 10, "easing": "sine_in"},
  {"start": 27.951, "duration": 0.300, "value": 0, "easing": "sine_out"},
  {"start": 28.400, "duration": 0.550, "value": 5, "easing": "sine_in"},
  {"start": 28.951, "duration": 0.300, "value": 0, "easing": "sine_out"}
  ],
  "particlesToSpawn": [
  {"start": 2.234, "duration": 0.001, "value": 30, "easing": "linear"},
  {"start": 2.645, "duration": 0.001, "value": 30, "easing": "linear"},
  {"start": 3.045, "duration": 0.001, "value": 30, "easing": "linear"},
  {"start": 3.872, "duration": 0.001, "value": 30, "easing": "linear"},
  {"start": 4.142, "duration": 0.001, "value": 30, "easing": "linear"},
  {"start": 4.417, "duration": 0.001, "value": 30, "easing": "linear"},
  {"start": 4.824, "duration": 0.001, "value": 30, "easing": "linear"},
  {"start": 5.231, "duration": 0.001, "value": 30, "easing": "linear"},
  {"start": 6.051, "duration": 0.001, "value": 30, "easing": "linear"},
  {"start": 6.322, "duration": 0.001, "value": 30, "easing": "linear"},
  {"start": 6.593, "duration": 0.001, "value": 30, "easing": "linear"},
  {"start": 7.008, "duration": 0.001, "value": 30, "easing": "linear"},
  {"start": 7.417, "duration": 0.001, "value": 30, "easing": "linear"},
  {"start": 8.232, "duration": 0.00001, "value": 30, "easing": "linear"},
  {"start": 8.503, "duration": 0.001, "value": 30, "easing": "linear"},
  {"start": 8.779, "duration": 0.001, "value": 30, "easing": "linear"},
  {"start": 9.194, "duration": 0.001, "value": 30, "easing": "linear"},
  {"start": 9.599, "duration": 0.001, "value": 30, "easing": "linear"},
  {"start": 10.403, "duration": 0.001, "value": 30, "easing": "linear"},
  {"start": 10.679, "duration": 0.001, "value": 30, "easing": "linear"},
  {"start": 10.956, "duration": 0.001, "value": 30, "easing": "linear"},
  {"start": 11.370, "duration": 0.001, "value": 30, "easing": "linear"},
  {"start": 11.765, "duration": 0.001, "value": 30, "easing": "linear"},
  {"start": 12.594, "duration": 0.001, "value": 30, "easing": "linear"},
  {"start": 12.871, "duration": 0.001, "value": 30, "easing": "linear"},
  {"start": 13.147, "duration": 0.001, "value": 30, "easing": "linear"},
  {"start": 13.561, "duration": 0.001, "value": 30, "easing": "linear"},
  {"start": 13.956, "duration": 0.001, "value": 30, "easing": "linear"},
  {"start": 14.766, "duration": 0.001, "value": 30, "easing": "linear"},
  {"start": 15.042, "duration": 0.001, "value": 30, "easing": "linear"},
  {"start": 15.338, "duration": 0.001, "value": 30, "easing": "linear"},
  {"start": 15.753, "duration": 0.001, "value": 30, "easing": "linear"},
  {"start": 16.147, "duration": 0.001, "value": 30, "easing": "linear"},
  {"start": 16.957, "duration": 0.001, "value": 30, "easing": "linear"},
  {"start": 17.233, "duration": 0.001, "value": 30, "easing": "linear"},
  {"start": 17.509, "duration": 0.001, "value": 30, "easing": "linear"},
  {"start": 17.944, "duration": 0.001, "value": 30, "easing": "linear"},
  {"start": 18.339, "duration": 0.001, "value": 30, "easing": "linear"}
  ],
 
  
  "Circles": [
     {"start": 0.083, "duration": 0.001, "value": 1, "easing": "linear"},
  {"start": 0.083, "duration": 0.001, "value": 1, "easing": "linear"},
  {"start": 0.083, "duration": 0.001, "value": 1, "easing": "linear"},
  {"start": 0.083, "duration": 0.001, "value": 1, "easing": "linear"},
  {"start": 2.281, "duration": 0.001, "value": 1, "easing": "linear"},
  {"start": 2.281, "duration": 0.001, "value": 1, "easing": "linear"},
  {"start": 2.281, "duration": 0.001, "value": 1, "easing": "linear"},
  {"start": 2.281, "duration": 0.001, "value": 1, "easing": "linear"},
  {"start": 5.594, "duration": 0.001, "value": 1, "easing": "linear"},
  {"start": 6.532, "duration": 0.001, "value": 1, "easing": "linear"},
  {"start": 6.532, "duration": 0.001, "value": 1, "easing": "linear"},
  {"start": 6.532, "duration": 0.001, "value": 1, "easing": "linear"},
  {"start": 6.532, "duration": 0.001, "value": 1, "easing": "linear"},
  {"start": 8.808, "duration": 0.00001, "value": 1, "easing": "linear"},
  {"start": 8.808, "duration": 0.001, "value": 1, "easing": "linear"},
  {"start": 8.808, "duration": 0.001, "value": 1, "easing": "linear"},
  {"start": 8.808, "duration": 0.001, "value": 1, "easing": "linear"},
  {"start": 10.609, "duration": 0.001, "value": 1, "easing": "linear"},
  {"start": 13.983, "duration": 0.001, "value": 1, "easing": "linear"},
  {"start": 13.983, "duration": 0.001, "value": 1, "easing": "linear"},
  {"start": 13.983, "duration": 0.001, "value": 1, "easing": "linear"},
  {"start": 13.983, "duration": 0.001, "value": 1, "easing": "linear"},
  {"start": 16.149, "duration": 0.001, "value": 1, "easing": "linear"},
  {"start": 16.149, "duration": 0.001, "value": 1, "easing": "linear"},
  {"start": 16.149, "duration": 0.001, "value": 1, "easing": "linear"},
  {"start": 20.232, "duration": 0.001, "value": 1, "easing": "linear"},
  {"start": 20.232, "duration": 0.001, "value": 1, "easing": "linear"},
  {"start": 20.232, "duration": 0.001, "value": 1, "easing": "linear"},
  {"start": 20.232, "duration": 0.001, "value": 1, "easing": "linear"},
  {"start": 25.518, "duration": 0.001, "value": 1, "easing": "linear"},
  {"start": 25.518, "duration": 0.001, "value": 1, "easing": "linear"},
  {"start": 25.518, "duration": 0.001, "value": 1, "easing": "linear"},
  {"start": 27.509, "duration": 0.001, "value": 1, "easing": "linear"},
  {"start": 27.509, "duration": 0.001, "value": 1, "easing": "linear"},
  {"start": 27.509, "duration": 0.001, "value": 1, "easing": "linear"},
  {"start": 31.322, "duration": 0.001, "value": 1, "easing": "linear"},
  {"start": 31.322, "duration": 0.001, "value": 1, "easing": "linear"},
  {"start": 31.322, "duration": 0.001, "value": 1, "easing": "linear"},
  {"start": 33.702, "duration": 0.001, "value": 1, "easing": "linear"},
  {"start": 33.702, "duration": 0.001, "value": 1, "easing": "linear"},
  {"start": 33.702, "duration": 0.001, "value": 1, "easing": "linear"},
  {"start": 37.834, "duration": 0.001, "value": 1, "easing": "linear"},
  {"start": 38.514, "duration": 0.001, "value": 1, "easing": "linear"},
  {"start": 38.514, "duration": 0.001, "value": 1, "easing": "linear"},
  {"start": 38.514, "duration": 0.001, "value": 1, "easing": "linear"},
  {"start": 40.171, "duration": 0.001, "value": 1, "easing": "linear"},
  {"start": 40.171, "duration": 0.001, "value": 1, "easing": "linear"},
  {"start": 40.171, "duration": 0.001, "value": 1, "easing": "linear"},
  {"start": 41.240, "duration": 0.001, "value": 1, "easing": "linear"},
  {"start": 44.842, "duration": 0.001, "value": 1, "easing": "linear"},
  {"start": 44.842, "duration": 0.001, "value": 1, "easing": "linear"},
  {"start": 44.842, "duration": 0.001, "value": 1, "easing": "linear"}
  ],
 

  
  "Data": [
    {"xPos": 1253, "yPos": 135,"weight": 25.0f},
  {"xPos": 1253, "yPos": 210,"weight": 25.0f},
  {"xPos": 1253, "yPos": 310,"weight": 25.0f},
  {"xPos": 1253, "yPos": 410,"weight": 25.0f},
  {"xPos": 1253, "yPos": 110,"weight": 25.0f},
  {"xPos": 1253, "yPos": 185,"weight": 25.0f},
  {"xPos": 1253, "yPos": 235,"weight": 25.0f},
  {"xPos": 1253, "yPos": 285,"weight": 25.0f},
  {"xPos": 1253, "yPos": 210,"weight": 25.0f},
  {"xPos": 1253, "yPos": 135,"weight": 25.0f},
  {"xPos": 1253, "yPos": 210,"weight": 25.0f},
  {"xPos": 1253, "yPos": 310,"weight": 25.0f},
  {"xPos": 1253, "yPos": 410,"weight": 25.0f},
  {"xPos": 1253, "yPos": 110,"weight": 25.0f},
  {"xPos": 1253, "yPos": 210,"weight": 25.0f},
  {"xPos": 1253, "yPos": 235,"weight": 25.0f},
  {"xPos": 1253, "yPos": 285,"weight": 25.0f},
  {"xPos": 1253, "yPos": 60,"weight": 25.0f},
  {"xPos": 1253, "yPos": 35,"weight": 25.0f},
  {"xPos": 1253, "yPos": 135,"weight": 25.0f},
  {"xPos": 1253, "yPos": 310,"weight": 25.0f},
  {"xPos": 1253, "yPos": 410,"weight": 25.0f},
  {"xPos": 1253, "yPos": 110,"weight": 25.0f},
  {"xPos": 1253, "yPos": 235,"weight": 25.0f},
  {"xPos": 1253, "yPos": 285,"weight": 25.0f},
  {"xPos": 1253, "yPos": 185,"weight": 25.0f},
  {"xPos": 1253, "yPos": 285,"weight": 25.0f},
  {"xPos": 1253, "yPos": 435,"weight": 25.0f},
  {"xPos": 1253, "yPos": 510,"weight": 25.0f},
  {"xPos": 1253, "yPos": 310,"weight": 25.0f},
  {"xPos": 1253, "yPos": 410,"weight": 25.0f},
  {"xPos": 1253, "yPos": 435,"weight": 25.0f},
  {"xPos": 1253, "yPos": 285,"weight": 25.0f},
  {"xPos": 1253, "yPos": 410,"weight": 25.0f},
  {"xPos": 1253, "yPos": 435,"weight": 25.0f},
  {"xPos": 1253, "yPos": 310,"weight": 25.0f},
  {"xPos": 1253, "yPos": 410,"weight": 25.0f},
  {"xPos": 1253, "yPos": 460,"weight": 25.0f},
  {"xPos": 1253, "yPos": 285,"weight": 25.0f},
  {"xPos": 1253, "yPos": 510,"weight": 25.0f},
  {"xPos": 1253, "yPos": 560,"weight": 25.0f},
  {"xPos": 1253, "yPos": 460,"weight": 25.0f},
  {"xPos": 1253, "yPos": 310,"weight": 25.0f},
  {"xPos": 1253, "yPos": 410,"weight": 25.0f},
  {"xPos": 1253, "yPos": 485,"weight": 25.0f},
  {"xPos": 1253, "yPos": 110,"weight": 25.0f},
  {"xPos": 1253, "yPos": 235,"weight": 25.0f},
  {"xPos": 1253, "yPos": 285,"weight": 25.0f},
  {"xPos": 1253, "yPos": 185,"weight": 25.0f},
  {"xPos": 1253, "yPos": 110,"weight": 25.0f},
  {"xPos": 1253, "yPos": 285,"weight": 25.0f},
  {"xPos": 1253, "yPos": 510,"weight": 25.0f}
   ],


"Velocity": [
  {"x":  -1, "y":  0},
  {"x":  -1, "y":  0},
  {"x":  -1, "y":  0}, 
  {"x":  -1, "y":  0},
  {"x":  -1, "y":  0},
  {"x":  -1, "y":  0},
  {"x":  -1, "y":  0},
  {"x":  -1, "y":  0},
  {"x":  -1, "y":  0},
  {"x":  -1, "y":  0},
  {"x":  -1, "y":  0},
  {"x":  -1, "y":  0},
  {"x":  -1, "y":  0},
  {"x":  -1, "y":  0}, 
  {"x":  -1, "y":  0},
  {"x":  -1, "y":  0},
  {"x":  -1, "y":  0},
  {"x":  -1, "y":  0},
  {"x":  -1, "y":  0},
  {"x":  -1, "y":  0},
  {"x":  -1, "y":  0},
  {"x":  -1, "y":  0},
  {"x":  -1, "y":  0},
  {"x":  -1, "y":  0},
  {"x":  -1, "y":  0}, 
  {"x":  -1, "y":  0},
  {"x":  -1, "y":  0},
  {"x":  -1, "y":  0},
  {"x":  -1, "y":  0},
  {"x":  -1, "y":  0},
  {"x":  -1, "y":  0},
  {"x":  -1, "y":  0}, 
  {"x":  -1, "y":  0},
  {"x":  -1, "y":  0},
  {"x":  -1, "y":  0},
  {"x":  -1, "y":  0}, 
  {"x":  -1, "y":  0},
  {"x":  -1, "y":  0},
  {"x":  -1, "y":  0},
  {"x":  -1, "y":  0},
  {"x":  -1, "y":  0},
  {"x":  -1, "y":  0},
  {"x":  -1, "y":  0},
  {"x":  -1, "y":  0},
  {"x":  -1, "y":  0},
  {"x":  -1, "y":  0},
  {"x":  -1, "y":  0}, 
  {"x":  -1, "y":  0},
  {"x":  -1, "y":  0},
  {"x":  -1, "y":  0},
  {"x":  -1, "y":  0},
  {"x":  -1, "y":  0}
  ],
  
  "Schema1": [
  {"cR": 69 , "cB": 89 , "cG": 84},
  {"cR": 179 , "cB": 187 , "cG": 190},
  {"cR": 160 , "cB": 154 , "cG": 159},
  {"cR": 211 , "cB": 205 , "cG": 215},
  {"cR": 227 , "cB": 228 , "cG": 230},
 {"cR": 69 , "cB": 89 , "cG": 84},
   {"cR": 211 , "cB": 205 , "cG": 215},
  {"cR": 227 , "cB": 228 , "cG": 230},
  {"cR": 160 , "cB": 154 , "cG": 159},
  {"cR": 211 , "cB": 205 , "cG": 215},
  {"cR": 227 , "cB": 228 , "cG": 230},
  {"cR": 160 , "cB": 154 , "cG": 159},
 {"cR": 69 , "cB": 89 , "cG": 84},
  {"cR": 179 , "cB": 187 , "cG": 190},
  {"cR": 160 , "cB": 154 , "cG": 159},
  {"cR": 211 , "cB": 205 , "cG": 215},
  {"cR": 227 , "cB": 228 , "cG": 230},
  {"cR": 179 , "cB": 187 , "cG": 190},
  {"cR": 160 , "cB": 154 , "cG": 159},
  {"cR": 211 , "cB": 205 , "cG": 215},
  {"cR": 227 , "cB": 228 , "cG": 230},
  {"cR": 160 , "cB": 154 , "cG": 159},
  {"cR": 211 , "cB": 205 , "cG": 215},
  {"cR": 227 , "cB": 228 , "cG": 230},
   {"cR": 205 , "cB": 205 , "cG": 207},
   {"cR": 179 , "cB": 187 , "cG": 190},
  {"cR": 75 , "cB": 80 , "cG": 84},
  {"cR": 179 , "cB": 187 , "cG": 190},
  {"cR": 160 , "cB": 154 , "cG": 159},
  {"cR": 211 , "cB": 205 , "cG": 215},
  {"cR": 227 , "cB": 228 , "cG": 230},
  {"cR":231  , "cB": 230, "cG":247  },
  {"cR": 69 , "cB": 89 , "cG": 84},
  {"cR": 179 , "cB": 187 , "cG": 190},
  {"cR": 160 , "cB": 154 , "cG": 159},
  {"cR": 211 , "cB": 205 , "cG": 215},
  {"cR": 227 , "cB": 228 , "cG": 230},
 {"cR": 69 , "cB": 89 , "cG": 84},
   {"cR": 211 , "cB": 205 , "cG": 215},
  {"cR": 227 , "cB": 228 , "cG": 230},
  {"cR": 160 , "cB": 154 , "cG": 159},
  {"cR": 211 , "cB": 205 , "cG": 215},
  {"cR": 227 , "cB": 228 , "cG": 230},
  {"cR": 160 , "cB": 154 , "cG": 159},
 {"cR": 69 , "cB": 89 , "cG": 84},
  {"cR": 179 , "cB": 187 , "cG": 190},
  {"cR": 160 , "cB": 154 , "cG": 159},
  {"cR": 211 , "cB": 205 , "cG": 215},
  {"cR": 227 , "cB": 228 , "cG": 230},
  {"cR": 179 , "cB": 187 , "cG": 190},
  {"cR": 160 , "cB": 154 , "cG": 159},
  {"cR": 211 , "cB": 205 , "cG": 215}
  ],
  
  "Schema2": [
  {"cR":208  , "cB": 56 , "cG": 56},
  {"cR":250  , "cB": 255 , "cG": 175},
  {"cR":240  , "cB": 195 , "cG": 125},
  {"cR":150  , "cB": 54 , "cG": 60},
  {"cR":237  , "cB": 191 , "cG": 128},
  {"cR":222  , "cB": 125 , "cG": 78},
  {"cR":237  , "cB": 191 , "cG": 128},
 {"cR":250  , "cB": 255 , "cG": 175},
  {"cR":240  , "cB": 195 , "cG": 125},
  {"cR":150  , "cB": 54 , "cG": 60},
  {"cR":237  , "cB": 181 , "cG": 138},
  {"cR":222  , "cB": 125 , "cG": 78},
 {"cR":208  , "cB": 56 , "cG": 56},
  {"cR":150  , "cB": 54 , "cG": 60},
  {"cR":250  , "cB": 255 , "cG": 175}, 
  {"cR":150  , "cB": 54 , "cG": 60},
  {"cR":222  , "cB": 125 , "cG": 78},
 {"cR":208  , "cB": 56 , "cG": 56},
  {"cR":150  , "cB": 54 , "cG": 60},
  {"cR":237  , "cB": 191 , "cG": 128},
 {"cR":250  , "cB": 255 , "cG": 175},
  {"cR":240  , "cB": 195 , "cG": 125},
  {"cR":150  , "cB": 54 , "cG": 60},
  {"cR":237  , "cB": 181 , "cG": 138},
  {"cR":230  , "cB": 181 , "cG": 138},
  {"cR":222  , "cB": 125 , "cG": 78},
 {"cR":208  , "cB": 56 , "cG": 56},
  {"cR":150  , "cB": 54 , "cG": 60},
   {"cR":230  , "cB": 181 , "cG": 138},
  {"cR": 243  , "cB":54 , "cG":54 },
  {"cR":200  , "cB": 70 , "cG":65 },
  {"cR":250  , "cB": 255 , "cG": 175},
  {"cR":208  , "cB": 56 , "cG": 56},
  {"cR":250  , "cB": 255 , "cG": 175},
  {"cR":240  , "cB": 195 , "cG": 125},
  {"cR":150  , "cB": 54 , "cG": 60},
  {"cR":237  , "cB": 191 , "cG": 128},
  {"cR":222  , "cB": 125 , "cG": 78},
  {"cR":237  , "cB": 191 , "cG": 128},
 {"cR":250  , "cB": 255 , "cG": 175},
  {"cR":240  , "cB": 195 , "cG": 125},
  {"cR":150  , "cB": 54 , "cG": 60},
  {"cR":237  , "cB": 181 , "cG": 138},
  {"cR":222  , "cB": 125 , "cG": 78},
 {"cR":208  , "cB": 56 , "cG": 56},
  {"cR":150  , "cB": 54 , "cG": 60},
  {"cR":250  , "cB": 255 , "cG": 175}, 
  {"cR":150  , "cB": 54 , "cG": 60},
  {"cR":222  , "cB": 125 , "cG": 78},
 {"cR":208  , "cB": 56 , "cG": 56},
  {"cR":150  , "cB": 54 , "cG": 60},
  {"cR":237  , "cB": 191 , "cG": 128}
  ],
  
  "Schema3": [
  {"cR":36  , "cB": 169, "cG":247  },
  {"cR":200  , "cB": 250 , "cG":255  },
  {"cR":242 , "cB": 220 , "cG": 220 },
  {"cR":202  , "cB": 230 , "cG": 230 },
  {"cR":230  , "cB": 250 , "cG": 220 },
  {"cR":36  , "cB": 169, "cG":247  },
    {"cR":36  , "cB": 169, "cG":247  },
  {"cR":200  , "cB": 250 , "cG":255  },
  {"cR":202  , "cB": 230 , "cG": 230 },
  {"cR":230  , "cB": 250 , "cG": 220 },
  {"cR":36  , "cB": 169, "cG":247  },
  {"cR":242 , "cB": 220 , "cG": 220 },
  {"cR":230  , "cB": 250 , "cG": 220 },
  {"cR":36  , "cB": 169, "cG":247  },
    {"cR":36  , "cB": 169, "cG":247  },
  {"cR":200  , "cB": 250 , "cG":255  },
  {"cR":200  , "cB": 250 , "cG":255  },
  {"cR":242 , "cB": 220 , "cG": 220 },
  {"cR":202  , "cB": 230 , "cG": 230 },
  {"cR":230  , "cB": 250 , "cG": 220 },
  {"cR":36  , "cB": 169, "cG":247  },
  {"cR":242 , "cB": 220 , "cG": 220 },
  {"cR":202  , "cB": 230 , "cG": 230 },
  {"cR":230  , "cB": 250 , "cG": 220 },
  {"cR":36  , "cB": 169, "cG":247  },
    {"cR":36  , "cB": 169, "cG":247  },
  {"cR":200  , "cB": 250 , "cG":255  },
  {"cR":218  , "cB": 250 , "cG":255  },
   {"cR":36  , "cB": 169, "cG":247  },
  {"cR":242 , "cB": 240 , "cG": 238 },
  {"cR":202  , "cB": 230 , "cG": 120 },
  {"cR":100  , "cB": 169, "cG":247  },
  {"cR":200  , "cB": 250 , "cG":255  },
  {"cR":242 , "cB": 220 , "cG": 220 },
  {"cR":202  , "cB": 230 , "cG": 230 },
  {"cR":230  , "cB": 250 , "cG": 220 },
  {"cR":36  , "cB": 169, "cG":247  },
    {"cR":36  , "cB": 169, "cG":247  },
  {"cR":200  , "cB": 250 , "cG":255  },
  {"cR":202  , "cB": 230 , "cG": 230 },
  {"cR":230  , "cB": 250 , "cG": 220 },
  {"cR":36  , "cB": 169, "cG":247  },
  {"cR":242 , "cB": 220 , "cG": 220 },
  {"cR":230  , "cB": 250 , "cG": 220 },
  {"cR":36  , "cB": 169, "cG":247  },
    {"cR":36  , "cB": 169, "cG":247  },
  {"cR":200  , "cB": 250 , "cG":255  },
  {"cR":200  , "cB": 250 , "cG":255  },
  {"cR":242 , "cB": 220 , "cG": 220 },
  {"cR":202  , "cB": 230 , "cG": 230 },
  {"cR":230  , "cB": 250 , "cG": 220 },
  {"cR":36  , "cB": 169, "cG":247  }
  ]
  
  
  }  